City ID,City,Country,Date,Lat,Lng,Max Temp,Humidity,Cloudiness,Wind Speed
0,Bethel,US,2022-08-02 03:19:00,41.3712,-73.414,70.11,94,0,0.0
1,Upernavik,GL,2022-08-02 03:19:00,72.7868,-56.1549,44.76,73,100,3.65
2,Draguignan,FR,2022-08-02 03:19:01,43.5333,6.4667,71.01,75,21,2.3
3,Kukushtan,RU,2022-08-02 03:19:01,57.6464,56.4952,60.42,72,35,5.73
4,Sola,VU,2022-08-02 03:19:02,-13.8833,167.55,80.71,78,15,16.42
5,Belyy Yar,RU,2022-08-02 03:19:02,53.6039,91.3903,69.69,73,20,4.47
6,Millinocket,US,2022-08-02 03:19:03,45.6573,-68.7098,71.71,73,0,5.75
7,Tuensang,IN,2022-08-02 03:19:03,26.2833,94.8333,75.06,96,99,0.16
8,Mandera,KE,2022-08-02 03:19:03,3.9366,41.867,74.86,60,68,15.14
9,Piranshahr,IR,2022-08-02 03:19:04,36.701,45.1413,74.3,29,0,1.59
10,Estelle,US,2022-08-02 03:19:04,29.8458,-90.1067,77.0,86,75,5.75
11,Marsa Matruh,EG,2022-08-02 03:15:10,31.3525,27.2453,78.12,84,0,11.59
12,Busselton,AU,2022-08-02 03:19:05,-33.65,115.3333,54.39,68,94,25.39
13,Atuona,PF,2022-08-02 03:19:05,-9.8,-139.0333,77.81,70,25,15.41
14,Airai,TL,2022-08-02 03:19:05,-8.9266,125.4092,74.86,38,56,3.44
15,Kashi,CN,2022-08-02 03:19:06,39.4547,75.9797,76.21,50,75,2.24
16,Lebu,CL,2022-08-02 03:19:06,-37.6167,-73.65,45.59,84,2,11.36
17,Port Elizabeth,ZA,2022-08-02 03:19:07,-33.918,25.5701,47.32,86,0,1.99
18,Los Llanos De Aridane,ES,2022-08-02 03:19:07,28.6585,-17.9182,68.13,92,0,17.27
19,Inuvik,CA,2022-08-02 03:15:05,68.3499,-133.7218,66.96,59,75,9.22
20,Marawi,PH,2022-08-02 03:19:08,7.9986,124.2928,79.45,71,99,4.16
21,Timbiqui,CO,2022-08-02 03:19:08,2.7717,-77.6654,74.43,95,88,4.38
22,Praia,CV,2022-08-02 03:19:09,14.9215,-23.5087,73.94,83,20,1.14
23,Alekseyevsk,RU,2022-08-02 03:19:09,57.8406,108.3492,77.4,60,43,4.56
24,Geraldton,AU,2022-08-02 03:19:10,-28.7667,114.6,64.81,63,75,17.27
25,New Norfolk,AU,2022-08-02 03:19:10,-42.7826,147.0587,55.92,54,44,9.44
26,Mugur-Aksy,RU,2022-08-02 03:19:10,50.35,90.5,60.37,49,6,5.23
27,Necochea,AR,2022-08-02 03:19:11,-38.5473,-58.7368,51.17,81,100,8.1
28,Alfonsine,IT,2022-08-02 03:19:11,44.5061,12.0564,80.96,79,100,14.0
29,Bitlis,TR,2022-08-02 03:19:12,38.5,42.25,64.35,34,0,4.5
30,Copiapo,CL,2022-08-02 03:16:27,-27.3667,-70.3333,51.49,76,7,1.45
31,Gat,IL,2022-08-02 03:19:12,31.61,34.7642,76.41,100,1,3.27
32,Durango,MX,2022-08-02 03:18:52,24.8333,-104.8333,64.72,65,98,6.78
33,Yumen,CN,2022-08-02 03:19:13,40.2833,97.2,74.7,46,85,10.36
34,Saint-Philippe,RE,2022-08-02 03:19:13,-21.3585,55.7679,67.59,74,0,2.62
35,Borujerd,IR,2022-08-02 03:19:14,33.8973,48.7516,70.03,47,0,0.63
36,Tasiilaq,GL,2022-08-02 03:19:14,65.6145,-37.6368,42.96,62,3,3.67
37,Ihosy,MG,2022-08-02 03:19:15,-22.4,46.1167,59.76,79,96,12.91
38,Ushuaia,AR,2022-08-02 03:19:15,-54.8,-68.3,47.86,57,20,16.11
39,Severo-Kurilsk,RU,2022-08-02 03:19:15,50.6789,156.125,56.37,81,23,4.07
40,Port Alfred,ZA,2022-08-02 03:19:16,-33.5906,26.891,55.22,67,49,9.62
41,Nichinan,JP,2022-08-02 03:19:16,31.6,131.3667,85.68,70,92,6.87
42,Balkhash,KZ,2022-08-02 03:19:17,46.844,74.9804,77.61,44,0,13.42
43,Bluff,NZ,2022-08-02 03:19:17,-46.6,168.3333,54.48,66,6,25.88
44,Albany,US,2022-08-02 03:15:08,42.6001,-73.9662,73.81,76,24,3.27
45,Katangli,RU,2022-08-02 03:20:18,51.7102,143.2326,58.26,84,100,10.33
46,Salalah,OM,2022-08-02 03:20:19,17.0151,54.0924,75.29,100,100,6.91
47,Santiago Del Estero,AR,2022-08-02 03:20:19,-27.7951,-64.2615,63.73,48,2,8.41
48,Norman Wells,CA,2022-08-02 03:20:20,65.282,-126.8329,71.64,40,40,16.11
49,Kaitangata,NZ,2022-08-02 03:20:21,-46.2817,169.8464,55.54,56,22,11.18
50,Cayenne,GF,2022-08-02 03:20:21,4.9333,-52.3333,82.09,1,0,1.14
51,Nikolskoye,RU,2022-08-02 03:20:22,59.7035,30.7861,66.87,97,100,9.01
52,Lata,PT,2022-08-02 03:20:22,40.1629,-8.3327,66.09,75,0,1.36
53,East London,ZA,2022-08-02 03:20:17,-33.0153,27.9116,50.94,71,0,1.14
54,Namibe,AO,2022-08-02 03:20:23,-15.1961,12.1522,55.47,66,86,8.95
55,Margate,GB,2022-08-02 03:20:23,51.3813,1.3862,64.31,93,100,3.0
56,Hithadhoo,MV,2022-08-02 03:20:23,-0.6,73.0833,80.65,72,64,12.64
57,Barrow,US,2022-08-02 03:20:24,71.2906,-156.7887,41.02,87,100,12.66
58,Buluang,PH,2022-08-02 03:20:24,13.3068,123.3425,88.45,62,96,2.66
59,Richards Bay,ZA,2022-08-02 03:20:25,-28.783,32.0377,58.48,83,32,6.78
60,Lagoa,PT,2022-08-02 03:15:51,39.05,-27.9833,73.36,77,60,12.26
61,Butaritari,KI,2022-08-02 03:20:25,3.0707,172.7902,81.97,75,82,21.25
62,Castro,BR,2022-08-02 03:20:26,-24.7911,-50.0119,57.9,75,80,1.21
63,Balgazyn,RU,2022-08-02 03:20:26,51.0,95.2,74.12,49,3,3.09
64,Mar Del Plata,AR,2022-08-02 03:20:27,-38.0023,-57.5575,51.87,83,0,3.44
65,Leningradskiy,RU,2022-08-02 03:20:27,69.3833,178.4167,58.03,51,41,1.59
66,Husavik,IS,2022-08-02 03:20:28,66.0449,-17.3389,43.14,91,100,3.8
67,Cockburn Town,TC,2022-08-02 03:20:29,21.4612,-71.1419,82.45,77,0,12.03
68,Sur,OM,2022-08-02 03:20:29,22.5667,59.5289,87.84,63,13,3.47
69,Pueblo,US,2022-08-02 03:18:49,38.2545,-104.6091,82.89,45,20,23.02
70,Kapaa,US,2022-08-02 03:20:30,22.0752,-159.319,87.78,68,40,19.57
71,Rikitea,PF,2022-08-02 03:20:30,-23.1203,-134.9692,73.26,73,8,25.28
72,Talnakh,RU,2022-08-02 03:20:31,69.4865,88.3972,49.21,57,12,14.5
73,Kavieng,PG,2022-08-02 03:20:31,-2.5744,150.7967,83.53,74,98,14.52
74,Felipe Carrillo Puerto,MX,2022-08-02 03:20:32,19.5833,-88.05,76.71,91,0,2.98
75,Araouane,ML,2022-08-02 03:20:32,18.9048,-3.5265,91.36,35,41,17.4
76,Ulety,RU,2022-08-02 03:20:33,51.3572,112.4849,82.17,39,50,0.74
77,Vila Franca Do Campo,PT,2022-08-02 03:20:33,37.7167,-25.4333,66.61,84,26,1.79
78,Bredasdorp,ZA,2022-08-02 03:20:34,-34.5322,20.0403,43.84,85,0,3.4
79,Gizo,SB,2022-08-02 03:20:34,-8.103,156.8419,85.98,60,17,6.15
80,Garowe,SO,2022-08-02 03:20:34,8.4054,48.4845,72.79,62,0,22.68
81,Morant Bay,JM,2022-08-02 03:20:35,17.8815,-76.4093,83.82,86,44,8.59
82,Vaini,TO,2022-08-02 03:20:35,-21.2,-175.2,80.76,89,75,8.05
83,Bacungan,PH,2022-08-02 03:20:35,9.9106,118.7022,84.25,74,75,5.75
84,Mataura,NZ,2022-08-02 03:20:36,-46.1927,168.8643,54.61,61,1,12.17
85,Qaanaaq,GL,2022-08-02 03:20:36,77.484,-69.3632,42.76,68,42,5.79
86,Boguchany,RU,2022-08-02 03:20:37,58.3814,97.4531,64.98,70,97,7.07
87,Khurba,RU,2022-08-02 03:20:37,50.4072,136.8819,75.07,80,96,8.55
88,Makakilo City,US,2022-08-02 03:20:37,21.3469,-158.0858,82.72,56,40,14.97
89,Victoria,HK,2022-08-02 03:16:55,22.2855,114.1577,92.97,75,54,5.01
90,Griffith,US,2022-08-02 03:19:03,41.5284,-87.4237,80.53,74,0,4.61
91,Ust-Nera,RU,2022-08-02 03:21:38,64.5667,143.2,78.51,47,100,6.29
92,Ponta Delgada,PT,2022-08-02 03:21:39,37.7333,-25.6667,66.92,88,20,3.44
93,Chokurdakh,RU,2022-08-02 03:21:39,70.6333,147.9167,59.38,58,86,5.75
94,Bathsheba,BB,2022-08-02 03:21:39,13.2167,-59.5167,83.01,88,20,17.27
95,Saskylakh,RU,2022-08-02 03:21:40,71.9167,114.0833,44.87,65,100,11.52
96,Hobyo,SO,2022-08-02 03:21:40,5.3505,48.5268,75.07,82,6,18.66
97,La Asuncion,VE,2022-08-02 03:21:41,11.0333,-63.8628,80.33,89,30,10.36
98,Taoudenni,ML,2022-08-02 03:21:41,22.6783,-3.9836,97.38,10,0,11.1
99,Kaeo,NZ,2022-08-02 03:21:42,-35.1,173.7833,61.32,75,100,6.73
100,Rio Gallegos,AR,2022-08-02 03:21:33,-51.6226,-69.2181,39.25,60,0,13.8
101,Jamestown,US,2022-08-02 03:17:09,42.097,-79.2353,74.79,64,0,9.22
102,Kutahya,TR,2022-08-02 03:21:42,39.4242,29.9833,57.45,75,0,2.86
103,Soe,ID,2022-08-02 03:21:43,-9.8607,124.284,80.02,45,100,5.61
104,Kununurra,AU,2022-08-02 03:21:43,-15.7667,128.7333,89.58,23,2,6.91
105,Rantepao,ID,2022-08-02 03:21:43,-2.9701,119.8978,79.47,67,95,3.62
106,Guerrero Negro,MX,2022-08-02 03:21:44,27.9769,-114.0611,73.4,71,0,13.98
107,Tarakan,ID,2022-08-02 03:21:44,3.3,117.6333,85.5,74,40,6.91
108,Tuatapere,NZ,2022-08-02 03:21:45,-46.1333,167.6833,51.78,80,35,10.89
109,Beringovskiy,RU,2022-08-02 03:21:45,63.05,179.3167,53.78,72,13,9.42
110,San Quintin,MX,2022-08-02 03:21:45,30.4833,-115.95,71.4,78,0,9.37
111,Tiksi,RU,2022-08-02 03:21:46,71.6872,128.8694,45.54,78,97,3.13
112,Dikson,RU,2022-08-02 03:21:46,73.5069,80.5464,41.34,87,100,6.64
113,Punta Arenas,CL,2022-08-02 03:19:55,-53.15,-70.9167,46.51,57,75,13.8
114,La Ronge,CA,2022-08-02 03:21:47,55.1001,-105.2842,68.22,59,100,3.44
115,Hasaki,JP,2022-08-02 03:21:36,35.7333,140.8333,102.29,68,100,7.85
116,Kodiak,US,2022-08-02 03:21:47,57.79,-152.4072,63.91,48,40,9.22
117,Souillac,MU,2022-08-02 03:21:48,-20.5167,57.5167,64.78,100,40,4.61
118,Mana,GF,2022-08-02 03:21:48,5.6592,-53.7767,77.63,85,90,6.22
119,Urumqi,CN,2022-08-02 03:21:48,43.801,87.6005,83.35,28,0,4.47
120,Saldanha,ZA,2022-08-02 03:21:49,-33.0117,17.9442,46.45,61,2,4.79
121,Hermanus,ZA,2022-08-02 03:21:49,-34.4187,19.2345,44.8,68,0,7.9
122,Ugoofaaru,MV,2022-08-02 03:21:50,5.6667,73.0,81.27,78,100,21.03
123,Dingle,PH,2022-08-02 03:21:50,10.9995,122.6711,85.46,71,97,4.47
124,Carnarvon,AU,2022-08-02 03:21:50,-24.8667,113.6333,66.54,59,92,15.46
125,Beloha,MG,2022-08-02 03:21:51,-25.1667,45.05,63.66,71,86,9.62
126,Aasiaat,GL,2022-08-02 03:21:51,68.7098,-52.8699,41.43,93,96,8.9
127,Killorglin,IE,2022-08-02 03:21:52,52.1,-9.7833,64.17,98,100,9.91
128,Edson,CA,2022-08-02 03:21:52,53.5835,-116.4356,62.74,82,20,2.3
129,Strathmore,CA,2022-08-02 03:21:53,51.0501,-113.3852,76.41,68,0,6.91
130,Arraial Do Cabo,BR,2022-08-02 03:21:51,-22.9661,-42.0278,70.38,89,1,19.01
131,Sao Filipe,CV,2022-08-02 03:21:53,14.8961,-24.4956,75.79,85,53,7.94
132,Manjacaze,MZ,2022-08-02 03:21:54,-24.7117,33.8828,64.24,72,75,4.97
133,Ponta Do Sol,PT,2022-08-02 03:21:54,32.6667,-17.1,70.72,80,4,4.36
134,Naze,JP,2022-08-02 03:21:46,28.3667,129.4833,85.12,80,70,10.69
135,Port Hardy,CA,2022-08-02 03:21:54,50.6996,-127.4199,62.78,67,20,9.22
136,Sorong,ID,2022-08-02 03:21:55,-0.8833,131.25,81.66,76,100,6.4
137,Hovd,MN,2022-08-02 03:21:55,48.0056,91.6419,72.57,27,100,3.69
138,Krasnoselkup,RU,2022-08-02 03:22:56,65.7,82.4667,56.88,56,2,20.33
139,Sambava,MG,2022-08-02 03:22:56,-14.2667,50.1667,67.19,83,16,10.2
140,Faanui,PF,2022-08-02 03:22:56,-16.4833,-151.75,78.6,69,3,21.65
141,Ahipara,NZ,2022-08-02 03:22:57,-35.1667,173.1667,59.04,65,100,7.02
142,Monrovia,LR,2022-08-02 03:20:52,6.3005,-10.7969,73.17,82,100,13.4
143,Srednekolymsk,RU,2022-08-02 03:22:57,67.45,153.6833,71.29,69,97,3.02
144,Jurm,AF,2022-08-02 03:22:58,36.8648,70.8342,72.14,41,2,2.24
145,Bontang,ID,2022-08-02 03:22:58,0.1333,117.5,77.23,88,100,3.71
146,Khatanga,RU,2022-08-02 03:22:59,71.9667,102.5,48.97,66,100,7.16
147,Puerto Escondido,MX,2022-08-02 03:22:59,15.85,-97.0667,81.43,65,40,3.44
148,Mutare,ZW,2022-08-02 03:22:59,-18.9707,32.6709,50.92,84,66,5.1
149,Khasan,RU,2022-08-02 03:23:00,42.4308,130.6434,72.37,96,100,6.49
150,Shache,CN,2022-08-02 03:23:00,38.4167,77.2406,81.01,31,100,4.59
151,Esperance,AU,2022-08-02 03:23:01,-33.8667,121.9,58.84,62,66,36.69
152,Port Augusta,AU,2022-08-02 03:23:01,-32.5,137.7667,51.08,67,100,22.93
153,Palmer,US,2022-08-02 03:23:01,42.1584,-72.3287,70.97,85,0,5.75
154,Vardo,NO,2022-08-02 03:23:02,70.3705,31.1107,51.78,93,100,2.3
155,Riverton,US,2022-08-02 03:20:45,40.5219,-111.9391,79.29,55,40,4.61
156,Rurrenabaque,BO,2022-08-02 03:23:02,-14.4413,-67.5278,70.27,92,75,2.01
157,Ocampo,MX,2022-08-02 03:22:46,21.65,-101.5,60.51,74,61,14.76
158,Sitka,US,2022-08-02 03:23:03,57.0531,-135.33,58.89,82,100,6.91
159,That Phanom,TH,2022-08-02 03:23:03,16.9364,104.7104,83.77,77,45,8.05
160,Pangody,RU,2022-08-02 03:23:04,65.85,74.4859,59.38,53,18,8.55
161,Avarua,CK,2022-08-02 03:23:04,-21.2078,-159.775,77.05,57,75,6.91
162,Inhambane,MZ,2022-08-02 03:23:05,-23.865,35.3833,67.98,73,40,9.22
163,Veraval,IN,2022-08-02 03:23:05,20.9,70.3667,82.56,79,94,13.8
164,Alofi,NU,2022-08-02 03:23:06,-19.0595,-169.9187,78.69,73,75,14.97
165,Hilo,US,2022-08-02 03:21:29,19.7297,-155.09,82.13,70,75,6.91
166,Tuktoyaktuk,CA,2022-08-02 03:23:06,69.4541,-133.0374,53.6,76,75,12.66
167,Bac Giang,VN,2022-08-02 03:23:07,21.2667,106.2,82.47,61,14,7.07
168,Maumere,ID,2022-08-02 03:23:07,-8.6199,122.2111,82.2,66,87,2.77
169,Port Blair,IN,2022-08-02 03:23:08,11.6667,92.75,82.04,84,100,13.31
170,Athabasca,CA,2022-08-02 03:23:08,54.7169,-113.2854,66.61,94,100,5.77
171,Port Macquarie,AU,2022-08-02 03:19:29,-31.4333,152.9167,67.89,58,0,6.17
172,Bambanglipuro,ID,2022-08-02 03:23:09,-7.95,110.2833,82.87,68,33,8.21
173,Riberalta,BO,2022-08-02 03:23:09,-10.9833,-66.1,76.51,53,12,2.04
174,Birjand,IR,2022-08-02 03:23:10,32.8663,59.2211,72.07,24,0,6.91
175,Ucluelet,CA,2022-08-02 03:20:12,48.9329,-125.5528,60.1,90,36,4.16
176,Eatonton,US,2022-08-02 03:23:11,33.3268,-83.3885,77.11,86,70,3.33
177,Pryozerne,UA,2022-08-02 03:23:11,45.2698,36.3303,71.92,86,3,7.16
178,Cape Town,ZA,2022-08-02 03:23:11,-33.9258,18.4232,54.37,82,0,2.3
179,Palasa,IN,2022-08-02 03:23:12,18.7667,84.4167,86.31,72,100,6.06
180,Statesboro,US,2022-08-02 03:18:23,32.4488,-81.7832,81.48,69,0,0.0
181,Codrington,AU,2022-08-02 03:23:12,-38.2667,141.9667,57.09,63,100,20.47
182,Waipawa,NZ,2022-08-02 03:22:13,-41.4122,175.5153,53.31,73,96,21.9
183,Alice Springs,AU,2022-08-02 03:24:13,-23.7,133.8833,74.75,23,40,19.57
184,Aksu,CN,2022-08-02 03:24:13,41.1231,80.2644,76.39,46,8,4.0
185,College,US,2022-08-02 03:24:14,64.8569,-147.8028,65.59,79,100,12.66
186,Road Town,VG,2022-08-02 03:24:14,18.4167,-64.6167,84.29,73,100,15.32
187,Byron Bay,AU,2022-08-02 03:24:15,-28.65,153.6167,71.94,59,8,8.81
188,Itoman,JP,2022-08-02 03:24:15,26.1247,127.6694,90.37,70,20,13.8
189,Bambous Virieux,MU,2022-08-02 03:24:16,-20.3428,57.7575,66.22,100,40,4.61
190,Ribeira Grande,PT,2022-08-02 03:24:16,38.5167,-28.7,74.23,73,1,10.83
191,Kommunisticheskiy,RU,2022-08-02 03:24:16,61.6789,64.4819,64.69,47,9,3.22
192,Nisia Floresta,BR,2022-08-02 03:24:17,-6.0911,-35.2086,77.38,86,8,10.2
193,Buchach,UA,2022-08-02 03:24:17,49.0625,25.388,57.6,94,84,8.05
194,Constitucion,CL,2022-08-02 03:24:18,-35.3333,-72.4167,48.34,83,42,6.13
195,Hobart,AU,2022-08-02 03:20:07,-42.8794,147.3294,56.26,57,40,16.11
196,Blairmore,CA,2022-08-02 03:24:19,49.6,-114.4353,78.49,24,5,15.08
197,Kieta,PG,2022-08-02 03:24:19,-6.2167,155.6333,83.48,69,100,4.7
198,Clyde River,CA,2022-08-02 03:24:19,70.4692,-68.5914,37.63,100,100,8.05
199,Thompson,CA,2022-08-02 03:24:20,55.7435,-97.8558,55.56,76,40,0.0
200,Marsh Harbour,BS,2022-08-02 03:24:21,26.5412,-77.0636,82.18,72,44,9.91
201,Vila Velha,BR,2022-08-02 03:24:21,-20.3297,-40.2925,73.35,87,75,8.05
202,Luderitz,NA,2022-08-02 03:24:22,-26.6481,15.1594,52.43,79,19,1.16
203,Butembo,CD,2022-08-02 03:24:22,0.15,29.2833,55.49,98,100,3.15
204,Sovetskiy,RU,2022-08-02 03:24:23,61.3614,63.5842,64.2,47,7,3.33
205,Provideniya,RU,2022-08-02 03:24:23,64.3833,-173.3,46.51,93,0,13.42
206,Eureka,US,2022-08-02 03:23:23,40.8021,-124.1637,65.19,79,79,1.01
207,Sept-Iles,CA,2022-08-02 03:24:02,50.2001,-66.3821,62.06,93,75,5.01
208,Kihei,US,2022-08-02 03:24:24,20.785,-156.4656,86.02,61,40,19.57
209,Akhisar,TR,2022-08-02 03:24:24,38.9185,27.8401,67.08,65,0,5.66
210,Togur,RU,2022-08-02 03:24:25,58.3631,82.8265,60.69,58,0,7.63
211,Sosnovo-Ozerskoye,RU,2022-08-02 03:24:25,52.5249,111.5418,73.44,54,92,3.6
212,Naryan-Mar,RU,2022-08-02 03:24:26,67.6713,53.087,62.44,89,65,9.04
213,Cidreira,BR,2022-08-02 03:24:26,-30.1811,-50.2056,56.39,87,56,3.18
214,Sakaiminato,JP,2022-08-02 03:24:27,35.55,133.2333,94.98,49,75,11.5
215,Laguna,US,2022-08-02 03:24:27,38.421,-121.4238,82.69,60,0,6.91
216,Rehoboth,NA,2022-08-02 03:24:28,-23.3167,17.0833,36.75,70,0,7.23
217,Sutysky,UA,2022-08-02 03:24:28,49.0425,28.4173,61.9,97,100,9.78
218,Santa Marinella,IT,2022-08-02 03:24:28,42.0345,11.8536,71.69,50,0,3.42
219,Tabou,CI,2022-08-02 03:24:29,4.423,-7.3528,74.89,75,100,8.34
220,Kentau,KZ,2022-08-02 03:24:29,43.5206,68.5094,84.38,27,99,3.53
221,Inhambupe,BR,2022-08-02 03:24:30,-11.7844,-38.3531,67.24,86,53,5.75
222,Tairua,NZ,2022-08-02 03:24:30,-37.0167,175.85,57.24,68,100,9.24
223,Narsaq,GL,2022-08-02 03:21:37,60.9167,-46.05,46.62,71,100,2.55
224,Iqaluit,CA,2022-08-02 03:24:31,63.7506,-68.5145,46.13,87,40,0.0
225,Bitung,ID,2022-08-02 03:24:31,1.4451,125.1824,86.85,69,54,7.63
226,Mount Gambier,AU,2022-08-02 03:24:31,-37.8333,140.7667,57.11,58,100,20.71
227,Cabo San Lucas,MX,2022-08-02 03:24:32,22.8909,-109.9124,86.5,57,98,7.0
228,Komsomolskiy,UZ,2022-08-02 03:21:35,40.4272,71.7189,83.23,31,39,4.21
229,Fort Nelson,CA,2022-08-02 03:24:32,58.8053,-122.7002,60.39,77,75,5.75
230,Puqi,CN,2022-08-02 03:24:33,29.7167,113.8833,97.3,47,0,2.48
231,Rujiena,LV,2022-08-02 03:25:33,57.8975,25.3316,58.05,99,58,4.45
232,Henties Bay,NA,2022-08-02 03:25:34,-22.116,14.2845,52.03,76,0,6.69
233,Orcopampa,PE,2022-08-02 03:25:34,-15.2661,-72.3417,46.13,33,68,1.5
234,Zhezkazgan,KZ,2022-08-02 03:25:34,47.8043,67.7144,75.18,43,0,8.95
235,Waltershausen,DE,2022-08-02 03:25:35,50.9,10.5667,62.74,89,61,0.98
236,Broken Hill,AU,2022-08-02 03:25:36,-31.95,141.4333,62.37,28,100,23.76
237,Los Alamos,US,2022-08-02 03:25:36,35.8881,-106.307,71.62,65,0,4.61
238,Cherskiy,RU,2022-08-02 03:25:36,68.75,161.3,62.62,74,100,15.73
239,Aitape,PG,2022-08-02 03:23:13,-3.1374,142.3475,84.87,72,91,10.36
240,Chateauroux,FR,2022-08-02 03:25:37,46.8167,1.7,60.8,88,0,3.44
241,Labrea,BR,2022-08-02 03:25:38,-7.2586,-64.7981,76.77,71,85,0.36
242,Tarko-Sale,RU,2022-08-02 03:25:38,64.9225,77.785,58.01,56,7,17.38
243,Berdigestyakh,RU,2022-08-02 03:25:39,62.0989,126.6992,67.35,85,100,4.56
244,Itarema,BR,2022-08-02 03:25:39,-2.9248,-39.9167,78.15,82,63,15.77
245,Georgetown,MY,2022-08-02 03:25:39,5.4112,100.3354,87.75,75,20,4.61
246,Bengkulu,ID,2022-08-02 03:25:40,-3.8004,102.2655,80.19,82,86,6.04
247,Katima Mulilo,NA,2022-08-02 03:25:40,-17.5,24.2667,61.02,40,0,11.34
248,Turbat,PK,2022-08-02 03:25:41,26.0023,63.044,83.64,82,100,2.82
249,Juegang,CN,2022-08-02 03:25:41,32.3174,121.1855,89.65,68,3,6.73
250,Mahebourg,MU,2022-08-02 03:25:42,-20.4081,57.7,66.25,100,40,4.61
251,Chama,CH,2022-08-02 03:25:42,47.1821,8.4636,64.35,93,20,2.3
252,Okha,RU,2022-08-02 03:25:43,53.5739,142.9478,62.55,77,97,19.17
253,San Lazaro,BZ,2022-08-02 03:25:43,18.0387,-88.6622,74.77,95,0,4.47
254,Lompoc,US,2022-08-02 03:24:24,34.6391,-120.4579,77.14,88,0,6.91
255,Jalu,LY,2022-08-02 03:25:44,29.0331,21.5482,77.61,66,0,7.29
256,Port Shepstone,ZA,2022-08-02 03:25:44,-30.7414,30.455,57.07,81,84,6.73
257,Mezhova,UA,2022-08-02 03:25:45,48.2532,36.7347,63.43,91,100,9.8
258,Ilulissat,GL,2022-08-02 03:25:45,69.2167,-51.1,48.22,76,84,11.5
259,Sarangani,PH,2022-08-02 03:23:16,5.4033,125.4636,83.1,74,87,11.05
260,Vao,NC,2022-08-02 03:25:45,-22.6667,167.4833,72.28,86,53,15.77
261,Benguela,AO,2022-08-02 03:25:46,-12.5763,13.4055,62.2,88,14,1.92
262,Buala,SB,2022-08-02 03:25:46,-8.145,159.5921,83.88,71,64,9.91
263,Avera,US,2022-08-02 03:25:47,33.194,-82.5271,78.31,74,81,3.91
264,Ancud,CL,2022-08-02 03:25:47,-41.8697,-73.8203,42.22,83,5,3.44
265,Elliot Lake,CA,2022-08-02 03:25:47,46.3834,-82.6331,61.27,88,70,9.17
266,Livingstone,ZM,2022-08-02 03:25:48,-17.8419,25.8543,56.35,55,5,10.11
267,Yellowknife,CA,2022-08-02 03:21:38,62.456,-114.3525,66.72,34,20,5.75
268,Nurota,UZ,2022-08-02 03:25:48,40.5614,65.6886,78.31,30,97,11.7
269,Kayerkan,RU,2022-08-02 03:25:49,69.3497,87.7602,48.52,87,23,18.66
270,Cuauhtemoc,MX,2022-08-02 03:25:49,28.4167,-106.8667,72.66,33,7,8.88
271,Muros,ES,2022-08-02 03:25:50,42.7762,-9.0603,67.08,79,0,5.99
272,Comodoro Rivadavia,AR,2022-08-02 03:25:50,-45.8667,-67.5,39.06,60,0,5.75
273,Aumbay,PH,2022-08-02 03:25:50,7.1026,125.7837,84.78,70,75,6.91
274,Warangal,IN,2022-08-02 03:25:51,18.0,79.5833,83.97,70,100,4.25
275,Berlevag,NO,2022-08-02 03:25:51,70.8578,29.0864,55.2,93,100,4.61
276,Saint George,US,2022-08-02 03:24:49,37.1041,-113.5841,91.63,37,0,10.36
277,Saint-Leu,RE,2022-08-02 03:26:52,-21.15,55.2833,67.06,62,0,2.44
278,Suntar,RU,2022-08-02 03:26:52,62.1444,117.6319,65.25,89,100,6.42
279,Kyzyl-Suu,KG,2022-08-02 03:26:53,42.3414,78.0056,64.92,53,62,4.03
280,Khani,GE,2022-08-02 03:26:53,41.9563,42.9566,63.97,95,78,2.84
281,Akyab,MM,2022-08-02 03:26:54,20.15,92.9,85.59,73,99,1.59
282,Muriwai Beach,NZ,2022-08-02 03:26:54,-36.8167,174.45,59.43,65,100,7.52
283,Christchurch,NZ,2022-08-02 03:22:39,-43.5333,172.6333,66.4,39,40,8.05
284,Fershampenuaz,RU,2022-08-02 03:26:54,53.5202,59.8117,59.29,95,100,9.89
285,Bendigo,AU,2022-08-02 03:26:55,-36.7667,144.2833,60.85,46,88,8.99
286,Amboise,FR,2022-08-02 03:26:55,47.4125,0.9827,63.14,88,0,2.3
287,Chiredzi,ZW,2022-08-02 03:26:56,-21.05,31.6667,61.52,87,99,6.53
288,Marabba,SD,2022-08-02 03:26:56,12.35,32.1833,72.97,88,99,11.97
289,Iskateley,RU,2022-08-02 03:26:56,67.6803,53.1512,62.4,89,62,9.44
290,Portoferraio,IT,2022-08-02 03:26:57,42.8115,10.3146,76.15,63,21,2.3
291,Gore,NZ,2022-08-02 03:23:09,-46.1028,168.9436,53.65,63,1,14.34
292,Longyearbyen,SJ,2022-08-02 03:23:45,78.2186,15.6401,49.84,81,75,4.61
293,Puerto Ayora,EC,2022-08-02 03:25:42,-0.7393,-90.3518,69.55,94,61,10.0
294,Bayir,TR,2022-08-02 03:26:58,37.2687,28.2167,70.32,61,0,4.99
295,Port Lincoln,AU,2022-08-02 03:26:58,-34.7333,135.8667,51.94,86,100,32.64
296,Ennis,IE,2022-08-02 03:26:59,52.8436,-8.9864,64.33,100,75,12.66
297,Lorengau,PG,2022-08-02 03:26:59,-2.0226,147.2712,84.43,72,43,12.08
298,Colonia,DE,2022-08-02 03:22:24,50.9333,6.95,62.82,81,0,1.14
299,Coquimbo,CL,2022-08-02 03:27:00,-29.9533,-71.3436,55.13,82,100,4.61
300,Kindu,CD,2022-08-02 03:27:00,-2.95,25.95,66.45,97,100,1.95
301,Kosonsoy,UZ,2022-08-02 03:27:01,41.2561,71.5508,77.56,33,100,3.6
302,Bucarasica,CO,2022-08-02 03:27:01,8.041,-72.8654,67.1,96,100,2.82
303,Chernaya Kholunitsa,RU,2022-08-02 03:27:02,58.8511,51.7154,60.73,95,25,2.62
304,Opelousas,US,2022-08-02 03:26:22,30.5335,-92.0815,79.84,100,0,4.61
305,Wuwei,CN,2022-08-02 03:27:03,37.9281,102.6414,75.51,54,100,10.31
306,Aripuana,BR,2022-08-02 03:22:04,-9.1667,-60.6333,75.79,49,75,1.01
307,Soyo,AO,2022-08-02 03:27:03,-6.1349,12.3689,67.89,92,15,10.29
308,Walvis Bay,NA,2022-08-02 03:27:04,-22.9575,14.5053,47.08,73,0,8.32
309,Beinamar,TD,2022-08-02 03:27:04,8.6698,15.3813,69.39,98,100,3.85
310,Kahului,US,2022-08-02 03:27:05,20.8947,-156.47,86.02,57,40,19.57
311,Maragogi,BR,2022-08-02 03:27:05,-9.0122,-35.2225,72.81,88,74,8.86
312,Kuldur,RU,2022-08-02 03:27:06,49.2167,131.6333,84.83,43,0,5.19
313,The Valley,AI,2022-08-02 03:27:07,18.217,-63.0578,82.81,64,100,17.72
314,Penzance,GB,2022-08-02 03:27:08,50.1186,-5.5371,63.28,94,99,16.22
315,Waingapu,ID,2022-08-02 03:27:08,-9.6567,120.2641,85.53,59,100,11.5
316,Malakal,SS,2022-08-02 03:27:09,9.5334,31.6605,68.41,98,100,2.84
317,San Cristobal,VE,2022-08-02 03:27:09,7.7669,-72.225,69.98,96,100,1.66
318,Russell,US,2022-08-02 03:25:29,32.3502,-85.1999,74.48,100,0,0.0
319,Indio,US,2022-08-02 03:26:00,33.7206,-116.2156,101.93,31,0,5.75
320,Verkhnetulomskiy,RU,2022-08-02 03:27:10,68.6073,31.7962,55.53,88,10,2.62
321,Port Hedland,AU,2022-08-02 03:28:11,-20.3167,118.5667,73.45,94,75,8.05
322,Half Moon Bay,US,2022-08-02 03:26:12,37.4636,-122.4286,80.02,74,0,17.27
323,Landskrona,SE,2022-08-02 03:28:12,55.8708,12.8302,57.34,76,100,8.7
324,Ostrovnoy,RU,2022-08-02 03:28:12,68.0531,39.5131,53.96,93,100,14.85
325,Camacha,PT,2022-08-02 03:28:13,33.0833,-16.3333,67.42,73,40,12.66
326,Haines Junction,CA,2022-08-02 03:28:13,60.7522,-137.5108,62.55,51,100,9.22
327,Pisco,PE,2022-08-02 03:28:13,-13.7,-76.2167,57.25,88,4,0.0
328,Bhikangaon,IN,2022-08-02 03:28:14,21.8667,75.95,80.47,78,100,6.2
329,Bubaque,GW,2022-08-02 03:28:14,11.2833,-15.8333,78.8,81,93,14.07
330,Ambulu,ID,2022-08-02 03:28:15,-8.345,113.6058,83.61,70,90,5.26
331,Gilgit,PK,2022-08-02 03:28:15,35.9221,74.3087,77.32,57,6,2.71
332,Cabra,ES,2022-08-02 03:28:16,37.4725,-4.4421,75.29,56,0,4.07
333,Muroto,JP,2022-08-02 03:28:16,33.2833,134.15,83.14,79,90,10.85
334,Samarai,PG,2022-08-02 03:28:17,-10.6167,150.6667,80.67,83,20,13.78
335,Itatinga,BR,2022-08-02 03:28:17,-23.1017,-48.6158,58.37,67,0,3.44
336,Shenjiamen,CN,2022-08-02 03:28:18,29.9576,122.298,84.4,81,96,13.15
337,Ingraj Bazar,IN,2022-08-02 03:25:00,25.0,88.15,86.29,69,100,0.54
338,Chengde,CN,2022-08-02 03:28:18,40.9725,117.9361,91.06,51,8,3.24
339,Katsuura,JP,2022-08-02 03:28:19,35.1333,140.3,87.22,72,100,14.85
340,Gravdal,NO,2022-08-02 03:28:19,68.1214,13.5031,51.26,83,100,12.48
341,Magadi,IN,2022-08-02 03:28:21,12.9667,77.2333,75.45,83,100,7.23
342,Matara,LK,2022-08-02 03:28:21,5.9485,80.5353,79.02,83,87,17.9
343,Limoeiro,BR,2022-08-02 03:28:22,-7.8747,-35.4503,67.08,88,6,6.11
344,Tshikapa,CD,2022-08-02 03:28:23,-6.4167,20.8,73.2,65,18,2.51
345,Pacific Grove,US,2022-08-02 03:23:28,36.6177,-121.9166,73.81,80,0,1.01
346,Baie-Saint-Paul,CA,2022-08-02 03:28:24,47.4411,-70.4986,71.37,84,16,3.62
347,Manta,EC,2022-08-02 03:28:24,-0.95,-80.7333,71.38,83,100,9.22
348,Nelson Bay,AU,2022-08-02 03:28:24,-32.7167,152.15,66.09,44,0,3.0
349,Korla,CN,2022-08-02 03:28:25,41.7597,86.1469,79.92,37,96,12.39
350,Baden,AT,2022-08-02 03:28:25,47.9974,16.233,68.52,72,64,4.47
351,Isangel,VU,2022-08-02 03:28:26,-19.55,169.2667,79.45,77,100,11.36
352,Lavrentiya,RU,2022-08-02 03:28:27,65.5833,-171.0,51.93,70,68,7.09
353,Waitati,NZ,2022-08-02 03:28:27,-45.75,170.5667,57.0,55,93,8.14
354,Krasnoarmeysk,RU,2022-08-02 03:28:28,51.0239,45.6969,63.27,81,11,7.99
355,Bolgar,RU,2022-08-02 03:28:28,54.95,49.0667,64.31,70,13,7.56
356,Lake Havasu City,US,2022-08-02 03:25:19,34.4839,-114.3224,101.23,29,0,4.61
357,Padang,ID,2022-08-02 03:28:29,-0.9492,100.3543,75.25,74,100,5.01
358,Erenhot,CN,2022-08-02 03:28:29,43.6475,111.9767,79.75,56,9,6.76
359,Poum,NC,2022-08-02 03:28:30,-20.2333,164.0167,76.23,81,22,12.1
360,Rongcheng,CN,2022-08-02 03:28:30,30.634,117.8517,96.13,50,8,0.54
361,Nalut,LY,2022-08-02 03:28:30,30.3333,10.85,81.59,31,0,11.99
362,Shimoda,JP,2022-08-02 03:28:31,34.6667,138.95,86.36,76,100,14.18
363,Chuy,UY,2022-08-02 03:28:31,-33.6971,-53.4616,52.36,94,43,3.69
364,San Juan,AR,2022-08-02 03:27:42,-31.5375,-68.5364,56.43,35,40,3.6
365,Puerto Suarez,BO,2022-08-02 03:29:32,-18.95,-57.8,72.23,41,0,3.02
366,Pevek,RU,2022-08-02 03:29:33,69.7008,170.3133,51.69,59,100,16.06
367,Baley,RU,2022-08-02 03:29:33,51.6,116.6333,75.61,49,3,5.82
368,Cangzhou,CN,2022-08-02 03:29:33,38.3167,116.8667,94.24,48,0,6.29
369,Broome,US,2022-08-02 03:29:34,42.2506,-75.833,73.78,73,0,6.91
370,Adrar,MR,2022-08-02 03:29:34,20.5022,-10.0711,86.45,35,68,14.25
371,Banda Aceh,ID,2022-08-02 03:29:35,5.5577,95.3222,80.65,80,100,18.88
372,Viedma,AR,2022-08-02 03:29:35,-40.8135,-62.9967,44.85,85,66,5.73
373,Macae,BR,2022-08-02 03:29:35,-22.3708,-41.7869,69.55,94,0,8.05
374,Cabedelo,BR,2022-08-02 03:29:36,-6.9811,-34.8339,75.87,86,57,13.58
375,Doha,QA,2022-08-02 03:29:36,25.2867,51.5333,93.51,79,0,4.61
376,Plastun,RU,2022-08-02 03:29:37,44.7561,136.2939,75.92,76,71,8.12
377,Belle Fourche,US,2022-08-02 03:29:37,44.6714,-103.8522,84.33,7,4,4.65
378,La Roda,ES,2022-08-02 03:29:37,39.2167,-2.15,77.9,60,7,10.16
379,Lubumbashi,CD,2022-08-02 03:29:38,-11.6609,27.4794,55.69,61,0,6.17
380,Tabas,IR,2022-08-02 03:29:38,33.5959,56.9244,91.62,24,0,4.61
381,Hualmay,PE,2022-08-02 03:29:39,-11.0964,-77.6139,61.45,84,46,9.73
382,Fairbanks,US,2022-08-02 03:26:00,64.8378,-147.7164,65.61,78,100,12.66
383,Kodinsk,RU,2022-08-02 03:29:39,58.6881,99.1844,62.56,94,100,5.26
384,Agadir,MA,2022-08-02 03:29:39,30.4202,-9.5982,68.45,49,46,1.41
385,Zhuanghe,CN,2022-08-02 03:29:40,39.7008,122.9911,86.05,74,13,1.59
386,Kruisfontein,ZA,2022-08-02 03:29:40,-34.0033,24.7314,49.3,49,81,5.93
387,Hamilton,US,2022-08-02 03:26:57,39.1834,-84.5333,79.65,90,40,9.22
388,Chifeng,CN,2022-08-02 03:29:41,42.2683,118.9636,89.94,40,8,3.11
389,Jutai,BR,2022-08-02 03:29:41,-5.1833,-68.9,72.95,94,100,1.34
390,Gewane,ET,2022-08-02 03:29:42,10.1664,40.6453,77.67,53,19,11.54
391,Cap Malheureux,MU,2022-08-02 03:29:42,-19.9842,57.6142,67.46,80,4,4.0
392,Ahuimanu,US,2022-08-02 03:29:42,21.4447,-157.8378,83.91,65,20,14.97
393,Zaraza,VE,2022-08-02 03:29:42,9.3503,-65.3245,72.79,95,32,3.62
394,Petatlan,MX,2022-08-02 03:29:43,17.5167,-101.2667,75.69,87,99,3.42
395,Ambagarh Chauki,IN,2022-08-02 03:29:43,20.7833,80.7167,82.51,73,100,3.44
396,Kijang,KR,2022-08-02 03:29:44,35.2442,129.2139,83.93,82,23,15.9
397,Karuzi,BI,2022-08-02 03:29:44,-3.125,30.1333,59.68,88,100,1.19
398,Torbay,CA,2022-08-02 03:29:45,47.6666,-52.7314,69.58,76,75,10.36
399,Wewak,PG,2022-08-02 03:29:45,-3.5534,143.6268,84.92,70,95,7.7
400,Vestmannaeyjar,IS,2022-08-02 03:29:45,63.4427,-20.2734,47.03,74,17,15.9
401,Yar-Sale,RU,2022-08-02 03:29:46,66.8333,70.8333,60.44,58,20,3.15
402,Kavaratti,IN,2022-08-02 03:29:46,10.5669,72.642,76.55,90,100,26.55
403,Vilyuysk,RU,2022-08-02 03:29:47,63.7553,121.6247,72.5,59,79,8.97
404,Ziro,IN,2022-08-02 03:29:47,27.6333,93.8333,63.34,96,100,1.25
405,Monteagudo,BO,2022-08-02 03:29:48,-19.8167,-63.9833,57.63,84,0,2.89
406,Saint Andrews,US,2022-08-02 03:29:48,34.0454,-81.1293,81.99,73,100,9.22
407,Nanortalik,GL,2022-08-02 03:29:48,60.1432,-45.2371,45.45,73,100,10.92
408,Huarmey,PE,2022-08-02 03:29:49,-10.0681,-78.1522,62.6,87,58,8.84
409,Pittsburg,US,2022-08-02 03:27:45,38.028,-121.8847,84.47,40,0,3.0
410,Kisiwani,TZ,2022-08-02 03:29:49,-4.1333,37.95,63.21,93,40,3.6
411,Takoradi,GH,2022-08-02 03:30:50,4.8845,-1.7554,72.34,81,31,7.29
412,Balakhninskiy,RU,2022-08-02 03:30:50,58.0106,114.2769,76.37,59,34,3.11
413,Zalantun,CN,2022-08-02 03:30:50,48.0,122.7167,89.02,39,93,6.69
414,Watsa,CD,2022-08-02 03:30:51,3.0372,29.5355,62.06,97,100,2.46
415,Umm Kaddadah,SD,2022-08-02 03:30:51,13.6017,26.6876,74.8,70,31,12.8
416,Svetlogorsk,BY,2022-08-02 03:30:51,52.6333,29.7333,64.56,78,100,2.62
417,Mogadishu,SO,2022-08-02 03:30:52,2.0371,45.3438,76.08,80,3,18.77
418,Xichang,CN,2022-08-02 03:30:52,27.8964,102.2634,74.64,82,78,4.05
419,Klaksvik,FO,2022-08-02 03:30:53,62.2266,-6.589,50.92,93,100,12.21
420,Namatanai,PG,2022-08-02 03:30:53,-3.6667,152.4333,83.05,72,92,13.67
421,Tautira,PF,2022-08-02 03:30:54,-17.7333,-149.15,76.68,75,12,24.4
422,Mercedes,AR,2022-08-02 03:30:54,-34.6515,-59.4307,50.79,87,100,6.98
423,Kerouane,GN,2022-08-02 03:30:55,9.2667,-9.0167,68.74,98,90,3.85
424,Banjarmasin,ID,2022-08-02 03:30:55,-3.3244,114.591,87.94,54,68,1.36
425,Olinda,BR,2022-08-02 03:28:02,-8.0089,-34.8553,73.13,83,100,8.05
426,Amga,RU,2022-08-02 03:30:56,60.8953,131.9608,72.97,83,89,6.6
427,Zhanaozen,KZ,2022-08-02 03:30:56,43.3,52.8,85.98,33,16,8.9
428,Bealanana,MG,2022-08-02 03:30:56,-14.55,48.7333,54.45,91,47,4.05
429,Sawtell,AU,2022-08-02 03:30:57,-30.3833,153.1,68.18,48,22,8.05
430,Allen,US,2022-08-02 03:28:32,41.0706,-85.0144,74.19,83,75,5.75
431,Livingston,GB,2022-08-02 03:28:19,55.9029,-3.5226,65.12,88,75,12.66
432,Manvi,IN,2022-08-02 03:30:57,15.9833,77.05,84.29,60,100,4.43
433,Acapulco,MX,2022-08-02 03:30:36,16.8634,-99.8901,84.02,74,75,3.44
434,Sampit,ID,2022-08-02 03:28:12,-2.5333,112.95,87.28,59,84,2.51
435,Palana,RU,2022-08-02 03:30:58,59.1167,159.9667,50.97,83,100,11.3
436,Whitianga,NZ,2022-08-02 03:30:58,-36.8333,175.7,56.32,73,100,8.48
437,Atar,MR,2022-08-02 03:30:59,20.5169,-13.0499,82.65,60,98,2.66
438,Rypefjord,NO,2022-08-02 03:30:59,70.6333,23.6667,59.47,72,0,1.14
439,Hofn,IS,2022-08-02 03:30:59,64.2539,-15.2082,47.79,77,89,11.05
440,Mama,RU,2022-08-02 03:31:00,58.3106,112.8986,77.56,63,61,4.38
441,Hibbing,US,2022-08-02 03:31:00,47.4272,-92.9377,62.02,100,0,0.0
442,Hailar,CN,2022-08-02 03:31:00,49.2,119.7,84.76,36,0,10.6
443,Nenjiang,CN,2022-08-02 03:31:01,49.1833,125.2167,84.69,50,16,9.95
444,Micheweni,TZ,2022-08-02 03:31:01,-4.9667,39.8333,72.95,81,3,8.32
445,Alenquer,BR,2022-08-02 03:31:02,-1.9417,-54.7383,73.87,90,44,3.15
446,San Pedro,PH,2022-08-02 03:31:02,14.35,121.0167,86.32,73,75,3.44
447,Motala,SE,2022-08-02 03:31:02,58.5371,15.0365,54.72,89,34,5.35
448,Yuksekova,TR,2022-08-02 03:31:03,37.5736,44.2872,49.75,66,20,2.3
449,Imbituba,BR,2022-08-02 03:31:03,-28.24,-48.6703,64.85,99,8,2.73
450,Kasongo-Lunda,CD,2022-08-02 03:31:04,-6.4667,16.8167,65.91,63,17,2.28
451,Qaqortoq,GL,2022-08-02 03:31:04,60.7167,-46.0333,45.9,74,100,4.88
452,Taltal,CL,2022-08-02 03:31:05,-25.4,-70.4833,55.78,83,10,0.67
453,Dawlatabad,AF,2022-08-02 03:31:05,36.4141,64.9053,86.43,23,10,7.11
454,Oppdal,NO,2022-08-02 03:32:05,62.5943,9.6912,43.68,85,21,5.61
455,San Rafael,AR,2022-08-02 03:32:06,-34.6177,-68.3301,50.0,46,6,8.21
456,Canutama,BR,2022-08-02 03:32:06,-6.5339,-64.3831,76.66,76,98,2.98
457,Rosetta,EG,2022-08-02 03:32:07,31.4044,30.4164,79.84,72,0,12.93
458,Luganville,VU,2022-08-02 03:32:07,-15.5333,167.1667,83.08,71,16,7.54
459,Atambua,ID,2022-08-02 03:32:08,-9.1061,124.8925,84.47,49,64,2.39
460,Peace River,CA,2022-08-02 03:28:46,56.2501,-117.286,64.71,77,75,17.27
461,Sagaing,MM,2022-08-02 03:32:08,21.8787,95.9797,91.09,56,95,10.33
462,Ginir,ET,2022-08-02 03:32:09,7.1333,40.7,56.8,84,90,8.34
463,Nizhnyaya Salda,RU,2022-08-02 03:32:09,58.0776,60.7202,62.15,60,98,5.44
464,Westport,US,2022-08-02 03:32:09,41.1415,-73.3579,71.74,93,0,5.01
465,Capreol,CA,2022-08-02 03:32:10,46.706,-80.9225,65.55,94,100,16.11
466,Luau,AO,2022-08-02 03:32:10,-10.7073,22.2247,61.38,39,0,3.96
467,Qarqin,AF,2022-08-02 03:32:11,37.4185,66.0436,90.54,22,13,16.96
468,Bowen,AU,2022-08-02 03:32:11,-20.0167,148.2333,71.8,73,47,14.47
469,Saint Anthony,US,2022-08-02 03:32:12,45.0205,-93.218,74.82,69,0,4.61
470,Malanje,AO,2022-08-02 03:32:12,-9.5402,16.341,60.15,68,99,3.51
471,Felanitx,ES,2022-08-02 03:32:13,39.4696,3.1483,77.13,57,19,2.42
472,Santiago,CL,2022-08-02 03:30:01,-33.4569,-70.6483,52.86,84,100,4.61
473,San Patricio,US,2022-08-02 03:32:14,28.017,-97.5169,84.88,72,0,15.03
474,Olafsvik,IS,2022-08-02 03:32:14,64.8945,-23.7142,47.08,73,62,23.51
475,Shelburne,CA,2022-08-02 03:32:15,44.0787,-80.2041,68.79,96,4,11.36
476,Awjilah,LY,2022-08-02 03:32:15,29.1081,21.2869,76.68,70,0,9.31
477,Strezhevoy,RU,2022-08-02 03:32:15,60.7333,77.5889,60.66,48,3,12.15
478,Nouadhibou,MR,2022-08-02 03:32:16,20.931,-17.0347,70.3,92,42,12.84
479,Suileng,CN,2022-08-02 03:32:17,47.25,127.0833,85.42,63,100,10.13
480,Mareeba,AU,2022-08-02 03:32:17,-17.0,145.4333,81.45,62,73,7.54
481,Ossora,RU,2022-08-02 03:32:18,59.2353,163.0719,61.47,74,55,9.06
482,Smithers,CA,2022-08-02 03:32:18,54.7804,-127.1743,70.12,37,20,13.8
483,Batagay-Alyta,RU,2022-08-02 03:32:19,67.8006,130.4114,57.67,69,98,6.2
484,Tadine,NC,2022-08-02 03:32:19,-21.55,167.8833,76.24,79,10,14.27
485,Barra Patuca,HN,2022-08-02 03:32:20,15.8,-84.2833,80.47,87,97,10.51
486,Mbandaka,CD,2022-08-02 03:32:20,0.0487,18.2603,70.07,78,92,2.13
487,Te Anau,NZ,2022-08-02 03:32:20,-45.4167,167.7167,48.02,91,88,8.72
488,Young,UY,2022-08-02 03:32:21,-32.6833,-57.6333,48.33,91,86,7.47
489,Lebyazhye,RU,2022-08-02 03:32:22,55.2689,66.4947,64.13,65,39,10.11
490,Conceicao Da Barra,BR,2022-08-02 03:32:22,-18.5933,-39.7322,69.26,87,21,5.21
491,Great Falls,US,2022-08-02 03:32:22,47.5002,-111.3008,91.85,20,0,20.71
492,Northam,GB,2022-08-02 03:32:23,51.0333,-4.2167,67.39,96,100,16.87
493,Matay,EG,2022-08-02 03:32:24,28.419,30.7792,78.49,53,1,7.11
494,Limoges,FR,2022-08-02 03:32:24,45.75,1.3333,70.36,64,0,4.61
495,Vostok,RU,2022-08-02 03:32:25,46.4856,135.8833,79.56,54,97,6.85
496,Makhachkala,RU,2022-08-02 03:29:23,42.9764,47.5024,77.02,56,0,5.97
497,Tripoli,LY,2022-08-02 03:32:25,32.8752,13.1875,78.96,77,0,4.5
498,Karoi,ZW,2022-08-02 03:32:26,-16.8099,29.6925,47.82,81,0,5.55
499,Abu Samrah,SY,2022-08-02 03:32:26,35.3029,37.1841,75.78,66,0,7.38
500,Bafq,IR,2022-08-02 03:32:27,31.6128,55.4107,88.48,23,0,7.78
501,Concepcion,CL,2022-08-02 03:30:01,-36.827,-73.0498,44.4,93,0,5.75
502,Svetlyy,RU,2022-08-02 03:33:27,54.675,20.1347,55.45,83,42,6.31
503,Udachnyy,RU,2022-08-02 03:33:28,66.4167,112.4,50.45,87,100,15.7
504,Mount Isa,AU,2022-08-02 03:33:28,-20.7333,139.5,83.97,26,2,9.22
505,Tura,IN,2022-08-02 03:33:29,25.5198,90.2201,81.81,83,100,2.89
506,Abeche,TD,2022-08-02 03:33:29,13.8292,20.8324,71.74,81,97,4.9
507,Bargur,IN,2022-08-02 03:33:30,12.5424,78.3539,79.93,69,100,5.99
508,Sao Miguel Do Araguaia,BR,2022-08-02 03:33:30,-13.275,-50.1628,71.58,25,0,4.76
509,Roma,US,2022-08-02 03:32:35,43.2128,-75.4557,74.95,68,75,5.75
510,Gazli,UZ,2022-08-02 03:33:31,40.1333,63.45,86.67,21,79,10.42
511,Maceio,BR,2022-08-02 03:31:00,-9.6658,-35.7353,74.64,83,75,4.61
512,Yulara,AU,2022-08-02 03:33:31,-25.2406,130.9889,80.44,14,100,31.07
513,Bilibino,RU,2022-08-02 03:33:32,68.0546,166.4372,70.2,35,67,19.44
514,Zyryanka,RU,2022-08-02 03:33:33,65.75,150.85,85.41,37,92,8.5
515,Touros,BR,2022-08-02 03:33:33,-5.1989,-35.4608,72.48,85,13,12.8
516,Kabalo,CD,2022-08-02 03:33:33,-6.05,26.9167,70.77,82,22,2.04
517,Dustlik,UZ,2022-08-02 03:33:34,40.5247,68.0358,84.85,30,51,0.65
518,Peniche,PT,2022-08-02 03:33:34,39.3558,-9.3811,67.28,97,0,5.79
519,Sao Joao Da Barra,BR,2022-08-02 03:33:35,-21.6403,-41.0511,70.52,89,10,14.29
520,Amaraji,BR,2022-08-02 03:29:01,-8.3831,-35.4525,66.6,88,39,6.76
521,Hokitika,NZ,2022-08-02 03:33:35,-42.7167,170.9667,55.42,87,100,28.34
522,Mackenzie,CA,2022-08-02 03:33:36,55.2999,-123.1698,66.42,59,20,8.05
523,Veliki Preslav,BG,2022-08-02 03:33:36,43.1667,26.8167,64.44,73,2,1.61
524,Santa Cruz De La Palma,ES,2022-08-02 03:33:37,28.6835,-17.7642,72.14,83,0,17.27
525,Sile,TR,2022-08-02 03:33:37,41.1754,29.6133,66.87,58,0,1.07
526,Port-Cartier,CA,2022-08-02 03:33:38,50.0334,-66.8654,61.75,96,92,4.63
527,Borba,BR,2022-08-02 03:33:38,-4.3878,-59.5939,72.19,94,93,2.15
528,Moron,AR,2022-08-02 03:33:38,-34.6534,-58.6198,56.95,81,100,4.85
529,Poso,ID,2022-08-02 03:33:39,-1.3959,120.7524,84.15,71,90,4.12
530,Chara,RU,2022-08-02 03:33:39,56.9064,118.2631,74.75,48,36,3.33
531,Pochutla,MX,2022-08-02 03:33:40,15.7432,-96.4661,79.83,89,55,4.21
532,Pundaguitan,PH,2022-08-02 03:33:40,6.3711,126.1689,82.53,74,96,13.47
533,Vila,PT,2022-08-02 03:33:40,42.0304,-8.1588,63.48,65,0,3.87
534,Bonnyville,CA,2022-08-02 03:33:41,54.2668,-110.735,70.92,93,100,6.04
535,Kabala,SL,2022-08-02 03:33:41,9.5833,-11.55,68.2,99,100,3.44
536,Baragaon,IN,2022-08-02 03:33:42,25.4333,82.8167,85.98,84,75,4.61
537,Baherden,TM,2022-08-02 03:33:42,38.4362,57.4316,88.99,30,0,4.45
538,Hiriyur,IN,2022-08-02 03:33:43,13.9456,76.6192,76.19,81,100,11.9
539,Ewo,CG,2022-08-02 03:33:43,-0.8725,14.8206,74.71,54,97,5.82
540,San Andres,CO,2022-08-02 03:29:48,12.5847,-81.7006,82.42,78,75,18.41
541,Orange Walk,BZ,2022-08-02 03:33:43,17.8333,-88.8333,73.85,98,2,2.71
542,Haimen,CN,2022-08-02 03:33:44,23.1935,116.6142,91.29,63,100,2.01
543,Shalakusha,RU,2022-08-02 03:33:44,62.2247,40.2539,58.23,76,100,4.72
544,Coihaique,CL,2022-08-02 03:29:08,-45.5752,-72.0662,33.75,80,0,4.61
545,Sungaipenuh,ID,2022-08-02 03:33:45,-2.0833,101.3833,75.47,72,87,2.68
546,Sabzevar,IR,2022-08-02 03:33:45,36.2126,57.6819,74.48,46,0,9.22
547,Nome,US,2022-08-02 03:31:25,64.5011,-165.4064,64.17,67,20,8.05
548,Nuevo Progreso,MX,2022-08-02 03:33:46,23.1667,-97.95,81.54,65,39,4.03
549,Masterton,NZ,2022-08-02 03:34:46,-40.9597,175.6575,54.88,75,95,15.61
550,Rajura,IN,2022-08-02 03:34:47,19.7833,79.3667,85.53,71,100,7.47
551,Nicoya,CR,2022-08-02 03:31:04,10.1483,-85.452,74.84,91,100,1.99
552,Boshnyakovo,RU,2022-08-02 03:34:47,49.6333,142.1667,56.86,95,100,3.78
553,Kurtamysh,RU,2022-08-02 03:34:48,54.9103,64.4319,60.01,80,100,9.75
554,Quatre Cocos,MU,2022-08-02 03:34:48,-20.2078,57.7625,67.08,66,19,8.72
555,Kabarnet,KE,2022-08-02 03:34:48,0.4919,35.743,55.54,93,98,2.01
556,Kamenka,RU,2022-08-02 03:34:49,51.3223,42.7678,69.1,69,29,11.43
557,Praia Da Vitoria,PT,2022-08-02 03:34:49,38.7333,-27.0667,71.76,94,20,6.58
558,El Alto,PE,2022-08-02 03:34:50,-4.2714,-81.2147,62.46,88,72,12.59
559,Alghero,IT,2022-08-02 03:34:50,40.5589,8.3181,68.09,94,0,1.14
560,Fortuna,US,2022-08-02 03:34:51,40.5982,-124.1573,63.93,77,75,1.01
561,Meulaboh,ID,2022-08-02 03:34:51,4.1363,96.1285,79.47,87,100,10.74
562,Dryden,CA,2022-08-02 03:34:52,49.7833,-92.7503,61.09,100,100,4.61
563,Nautla,MX,2022-08-02 03:34:52,20.2167,-96.7833,80.73,77,44,11.16
564,Kattivakkam,IN,2022-08-02 03:34:52,13.2167,80.3167,88.07,79,39,9.66
565,The Pas,CA,2022-08-02 03:34:53,53.8251,-101.2541,64.42,72,100,3.44
566,Gamba,GA,2022-08-02 03:34:53,-2.65,10.0,71.55,84,98,2.89
567,Asfi,MA,2022-08-02 03:34:54,32.2994,-9.2372,76.41,72,49,14.85
568,Narragansett,US,2022-08-02 03:34:54,41.4501,-71.4495,70.34,80,100,5.75
569,Panalingaan,PH,2022-08-02 03:34:55,8.7842,117.4231,83.66,75,100,4.14
570,Axim,GH,2022-08-02 03:34:55,4.8699,-2.2405,72.63,79,34,7.14
571,Krasnogorsk,RU,2022-08-02 03:34:56,55.8225,37.3181,61.14,82,0,6.71
572,Flin Flon,CA,2022-08-02 03:30:24,54.7682,-101.865,60.48,59,91,4.29
573,Jaffna,LK,2022-08-02 03:34:56,9.6685,80.0074,82.87,73,100,13.69
574,Pau,FR,2022-08-02 03:33:58,43.4167,-0.5833,66.85,94,100,5.75
575,Trofors,NO,2022-08-02 03:34:57,65.5333,13.4063,48.07,92,100,2.64
576,Oyon,PE,2022-08-02 03:34:57,-10.6681,-76.7731,43.75,87,15,3.85
577,Sayyan,YE,2022-08-02 03:34:57,15.1718,44.3244,57.25,80,49,6.55
578,Zalari,RU,2022-08-02 03:34:58,53.5584,102.5065,61.74,97,100,12.53
579,Bethal,ZA,2022-08-02 03:30:41,-26.4579,29.4655,42.55,94,72,4.09
580,Najran,SA,2022-08-02 03:34:58,17.4924,44.1277,72.25,58,100,8.12
581,Ouadda,CF,2022-08-02 03:34:59,8.0777,22.4007,64.67,97,95,2.21
582,Baykit,RU,2022-08-02 03:34:59,61.67,96.37,67.6,47,11,2.86
583,Neuquen,AR,2022-08-02 03:35:00,-38.9516,-68.0591,35.49,93,0,2.3
584,Sechura,PE,2022-08-02 03:35:00,-5.5569,-80.8222,63.43,86,18,9.82
585,Jadu,LY,2022-08-02 03:35:01,31.953,12.0261,71.62,50,1,3.33
586,Tahe,CN,2022-08-02 03:35:01,52.3333,124.7333,80.78,45,25,5.82
587,Torit,SS,2022-08-02 03:35:02,4.4133,32.5678,66.83,97,100,2.44
588,Jiuquan,CN,2022-08-02 03:35:02,39.7432,98.5174,65.25,74,100,9.95
589,Kuytun,RU,2022-08-02 03:35:03,54.3419,101.5036,60.94,98,100,9.62
